modelo,variante,frac,seed,n_train,val_f1,test_f1,test_acc,emb_lr,C,best_epoch
TF-IDF + LogReg,C elegido,0.01,0,1080,0.8311102293509486,0.8185455293847936,0.8197368421052632,,3.0,
Aleatorio,entrenada,0.01,0,1080,0.8189341691132013,0.8090276145312455,0.8098684210526316,0.01,,39.0
gensim,congelada,0.01,0,1080,0.858676563620216,0.8545279804070949,0.8544736842105263,,,37.0
gensim,fine-tuning,0.01,0,1080,0.868286705608857,0.8614302919605226,0.8618421052631579,0.001,,20.0
GloVe-100,congelada,0.01,0,1080,0.8774340953161897,0.8687776631710125,0.8688157894736842,,,36.0
GloVe-100,fine-tuning,0.01,0,1080,0.8806590198993354,0.8755066211356552,0.8757894736842106,0.001,,23.0
TF-IDF + LogReg,C elegido,0.01,1,1080,0.8266295455675562,0.8139632004007271,0.8151315789473684,,3.0,
Aleatorio,entrenada,0.01,1,1080,0.8136823403259148,0.806958825586602,0.8080263157894737,0.01,,37.0
gensim,congelada,0.01,1,1080,0.8575705084903311,0.8519437308446642,0.8522368421052632,,,24.0
gensim,fine-tuning,0.01,1,1080,0.8613782862013305,0.8602868423551017,0.8606578947368421,0.001,,19.0
GloVe-100,congelada,0.01,1,1080,0.8742436203689803,0.866683914614502,0.8669736842105263,,,30.0
GloVe-100,fine-tuning,0.01,1,1080,0.8740276343704735,0.8698075360426285,0.8703947368421052,0.001,,20.0
TF-IDF + LogReg,C elegido,0.01,2,1080,0.8306467192635315,0.8267946908731061,0.8277631578947369,,3.0,
Aleatorio,entrenada,0.01,2,1080,0.8164807327130321,0.8117020303864858,0.8125,0.01,,29.0
gensim,congelada,0.01,2,1080,0.8594860568170597,0.8584282881429239,0.8586842105263158,,,36.0
gensim,fine-tuning,0.01,2,1080,0.8668595539977091,0.8626443359504086,0.8630263157894736,0.001,,22.0
GloVe-100,congelada,0.01,2,1080,0.8738123595419478,0.868236383488493,0.868421052631579,,,30.0
GloVe-100,fine-tuning,0.01,2,1080,0.8733462056545057,0.8681701408316091,0.8686842105263158,0.001,,13.0
TF-IDF + LogReg,C elegido,0.01,3,1080,0.8334249884526301,0.8259504364515983,0.8263157894736842,,3.0,
Aleatorio,entrenada,0.01,3,1080,0.8185274000879429,0.8110891392842672,0.810921052631579,0.01,,40.0
gensim,congelada,0.01,3,1080,0.8618620395434177,0.8640877744947452,0.8638157894736842,,,54.0
gensim,fine-tuning,0.01,3,1080,0.8719794782022583,0.8697079539222814,0.8697368421052631,0.001,,26.0
GloVe-100,congelada,0.01,3,1080,0.8780852987267193,0.872201866447958,0.8722368421052632,,,25.0
GloVe-100,fine-tuning,0.01,3,1080,0.8810409533826213,0.8755570666579393,0.8756578947368421,0.001,,25.0
TF-IDF + LogReg,C elegido,0.01,4,1080,0.8276329752020104,0.82261921040796,0.8236842105263158,,3.0,
Aleatorio,entrenada,0.01,4,1080,0.8099459272898386,0.813467623262444,0.8142105263157895,0.01,,29.0
gensim,congelada,0.01,4,1080,0.8552684107545148,0.850477523402891,0.8503947368421053,,,22.0
gensim,fine-tuning,0.01,4,1080,0.86362960522815,0.8619782680823166,0.8623684210526316,0.001,,20.0
GloVe-100,congelada,0.01,4,1080,0.8759573944486632,0.8662680474332988,0.8664473684210526,,,24.0
GloVe-100,fine-tuning,0.01,4,1080,0.8757905600442562,0.8750677413471807,0.8751315789473684,0.001,,22.0
TF-IDF + LogReg,C elegido,0.02,0,2160,0.8554483465094619,0.8454312559710956,0.8463157894736842,,3.0,
Aleatorio,entrenada,0.02,0,2160,0.8444375555363375,0.832783785665073,0.8335526315789473,0.01,,25.0
gensim,congelada,0.02,0,2160,0.8691133152329751,0.8643241500612421,0.8644736842105263,,,38.0
gensim,fine-tuning,0.02,0,2160,0.8764335055895555,0.8691696176264467,0.8693421052631579,0.001,,15.0
GloVe-100,congelada,0.02,0,2160,0.8841270683920701,0.8746729015071637,0.8747368421052631,,,30.0
GloVe-100,fine-tuning,0.02,0,2160,0.8861803972858511,0.8803282635980223,0.8806578947368421,0.001,,14.0
TF-IDF + LogReg,C elegido,0.02,1,2160,0.8567350130103772,0.8536799284603123,0.8543421052631579,,3.0,
Aleatorio,entrenada,0.02,1,2160,0.8486310626833778,0.8401786545035763,0.8407894736842105,0.01,,29.0
gensim,congelada,0.02,1,2160,0.8661828218380991,0.8589042202719148,0.859078947368421,,,31.0
gensim,fine-tuning,0.02,1,2160,0.8738281498580849,0.870728342817358,0.8710526315789474,0.001,,16.0
GloVe-100,congelada,0.02,1,2160,0.87919376554274,0.8734708820932722,0.8736842105263158,,,22.0
GloVe-100,fine-tuning,0.02,1,2160,0.8828578250441117,0.8787338964921299,0.8789473684210526,0.001,,16.0
TF-IDF + LogReg,C elegido,0.02,2,2160,0.8585811538377074,0.8530455478419612,0.8536842105263158,,3.0,
Aleatorio,entrenada,0.02,2,2160,0.8393737089336841,0.8325039948323373,0.8331578947368421,0.01,,18.0
gensim,congelada,0.02,2,2160,0.8640148080600448,0.8629684881153015,0.8630263157894736,,,21.0
gensim,fine-tuning,0.02,2,2160,0.8799907722411625,0.8772036905671867,0.8772368421052632,0.001,,13.0
GloVe-100,congelada,0.02,2,2160,0.8810231747374889,0.8716579908584484,0.8713157894736843,,,17.0
GloVe-100,fine-tuning,0.02,2,2160,0.8846246122453159,0.8783739178274409,0.8785526315789474,0.001,,17.0
TF-IDF + LogReg,C elegido,0.02,3,2160,0.8603979653222149,0.8544018112908159,0.8548684210526316,,3.0,
Aleatorio,entrenada,0.02,3,2160,0.8499956177576974,0.8453992139624572,0.845657894736842,0.01,,47.0
gensim,congelada,0.02,3,2160,0.8682673033048447,0.866217650589886,0.8661842105263158,,,29.0
gensim,fine-tuning,0.02,3,2160,0.8793992254625616,0.8748251466132988,0.8747368421052631,0.001,,16.0
GloVe-100,congelada,0.02,3,2160,0.8860226069811621,0.8768446109539284,0.8769736842105263,,,29.0
GloVe-100,fine-tuning,0.02,3,2160,0.8888959774205505,0.8840225630885274,0.8839473684210526,0.001,,17.0
TF-IDF + LogReg,C elegido,0.02,4,2160,0.8595665701698618,0.8478670434275217,0.8486842105263158,,3.0,
Aleatorio,entrenada,0.02,4,2160,0.8345176725049971,0.8255304011126261,0.8256578947368421,0.01,,7.0
gensim,congelada,0.02,4,2160,0.8638745171112607,0.8620611331876092,0.8621052631578947,,,24.0
gensim,fine-tuning,0.02,4,2160,0.8739423652257973,0.8707705304844947,0.8710526315789474,0.001,,13.0
GloVe-100,congelada,0.02,4,2160,0.8817385954063515,0.8739741238196688,0.8740789473684211,,,23.0
GloVe-100,fine-tuning,0.02,4,2160,0.8839521385890379,0.8751433389523524,0.8752631578947369,0.001,,15.0
TF-IDF + LogReg,C elegido,0.05,0,5400,0.8842957907550407,0.8735542633382654,0.8742105263157894,,10.0,
Aleatorio,entrenada,0.05,0,5400,0.870851064829899,0.8660202515283122,0.8664473684210526,0.01,,4.0
gensim,congelada,0.05,0,5400,0.8760426378429946,0.8688153691288905,0.8686842105263158,,,28.0
gensim,fine-tuning,0.05,0,5400,0.8898871187264193,0.8840410231807517,0.8843421052631579,0.001,,8.0
GloVe-100,congelada,0.05,0,5400,0.8921276954946069,0.882752266251587,0.8828947368421053,,,22.0
GloVe-100,fine-tuning,0.05,0,5400,0.8959847318772413,0.8875334316304214,0.8878947368421053,0.001,,8.0
TF-IDF + LogReg,C elegido,0.05,1,5400,0.880989207227588,0.8731134487272983,0.8736842105263158,,10.0,
Aleatorio,entrenada,0.05,1,5400,0.8661802419946444,0.8575085700910179,0.8576315789473684,0.01,,5.0
gensim,congelada,0.05,1,5400,0.8750727389044938,0.8687870989443556,0.8688157894736842,,,44.0
gensim,fine-tuning,0.05,1,5400,0.8861714315623637,0.8810631706236858,0.8813157894736842,0.01,,3.0
GloVe-100,congelada,0.05,1,5400,0.8897497746769731,0.8846750615894257,0.8847368421052632,,,32.0
GloVe-100,fine-tuning,0.05,1,5400,0.8943559201475292,0.8928351539207473,0.8930263157894737,0.001,,11.0
TF-IDF + LogReg,C elegido,0.05,2,5400,0.8829051428429652,0.8739768537263695,0.8746052631578948,,3.0,
Aleatorio,entrenada,0.05,2,5400,0.8657476153714934,0.8567616220160823,0.8569736842105263,0.01,,4.0
gensim,congelada,0.05,2,5400,0.8739399800914303,0.8722934631855207,0.8721052631578947,,,23.0
gensim,fine-tuning,0.05,2,5400,0.8933692305230225,0.8869850726612272,0.8869736842105264,0.001,,9.0
GloVe-100,congelada,0.05,2,5400,0.8909744797487086,0.8833210731629573,0.8832894736842105,,,37.0
GloVe-100,fine-tuning,0.05,2,5400,0.899244034733464,0.8919149442218205,0.8919736842105264,0.001,,10.0
TF-IDF + LogReg,C elegido,0.05,3,5400,0.8854313077355409,0.878742563100941,0.8790789473684211,,10.0,
Aleatorio,entrenada,0.05,3,5400,0.8702992006391381,0.8592193556939722,0.859078947368421,0.01,,4.0
gensim,congelada,0.05,3,5400,0.875767537605162,0.8748406384999683,0.8747368421052631,,,28.0
gensim,fine-tuning,0.05,3,5400,0.8934060271414095,0.8874709081242859,0.8875,0.001,,8.0
GloVe-100,congelada,0.05,3,5400,0.8908901694906867,0.8832257735773396,0.8832894736842105,,,26.0
GloVe-100,fine-tuning,0.05,3,5400,0.8995163174851948,0.8914049652560158,0.8913157894736842,0.001,,11.0
TF-IDF + LogReg,C elegido,0.05,4,5400,0.8812110728350562,0.8738187927566702,0.8743421052631579,,3.0,
Aleatorio,entrenada,0.05,4,5400,0.8639246760862355,0.8554466681151083,0.8557894736842105,0.01,,4.0
gensim,congelada,0.05,4,5400,0.873882238668108,0.873945332656429,0.8738157894736842,,,48.0
gensim,fine-tuning,0.05,4,5400,0.8862747068461301,0.8853634681626401,0.8853947368421052,0.001,,7.0
GloVe-100,congelada,0.05,4,5400,0.8870558219902013,0.8836154250711405,0.883421052631579,,,16.0
GloVe-100,fine-tuning,0.05,4,5400,0.892628327363085,0.8920324193874863,0.8922368421052631,0.001,,10.0
TF-IDF + LogReg,C elegido,0.1,0,10800,0.8955451631515732,0.8868485747230505,0.8872368421052632,,30.0,
Aleatorio,entrenada,0.1,0,10800,0.8839357919157029,0.8792384818460115,0.8792105263157894,0.01,,3.0
gensim,congelada,0.1,0,10800,0.8767639435358214,0.8720957259208224,0.8721052631578947,,,12.0
gensim,fine-tuning,0.1,0,10800,0.895842090298083,0.8904817598860898,0.8905263157894737,0.001,,7.0
GloVe-100,congelada,0.1,0,10800,0.8937857694116805,0.8839271588079475,0.8842105263157894,,,14.0
GloVe-100,fine-tuning,0.1,0,10800,0.9030165857807254,0.8962175774301523,0.8963157894736842,0.001,,7.0
TF-IDF + LogReg,C elegido,0.1,1,10800,0.894838806887936,0.8905365553718967,0.890921052631579,,10.0,
Aleatorio,entrenada,0.1,1,10800,0.8868678484322727,0.8772439205417546,0.8775,0.01,,3.0
gensim,congelada,0.1,1,10800,0.8779152796004682,0.878843040973325,0.8786842105263157,,,23.0
gensim,fine-tuning,0.1,1,10800,0.8959924075797907,0.8934149916772604,0.8935526315789474,0.001,,7.0
GloVe-100,congelada,0.1,1,10800,0.8940684174664063,0.8874308317457169,0.8876315789473684,,,19.0
GloVe-100,fine-tuning,0.1,1,10800,0.9039134396356225,0.8992529612394361,0.8994736842105263,0.001,,8.0
TF-IDF + LogReg,C elegido,0.1,2,10800,0.8981410748447477,0.8881453627730066,0.8885526315789474,,3.0,
Aleatorio,entrenada,0.1,2,10800,0.8873553254067518,0.8742847116296231,0.8744736842105263,0.01,,4.0
gensim,congelada,0.1,2,10800,0.8830682328485924,0.8801239874915867,0.8802631578947369,,,46.0
gensim,fine-tuning,0.1,2,10800,0.8977819735024395,0.8962720693823504,0.8964473684210527,0.001,,5.0
GloVe-100,congelada,0.1,2,10800,0.8936817381276159,0.885386909707722,0.8853947368421052,,,19.0
GloVe-100,fine-tuning,0.1,2,10800,0.9036302518644962,0.8980892554813611,0.8982894736842105,0.001,,7.0
TF-IDF + LogReg,C elegido,0.1,3,10800,0.8967990396188037,0.8940493450683079,0.8943421052631579,,10.0,
Aleatorio,entrenada,0.1,3,10800,0.8870610805885448,0.8815145618908891,0.8814473684210526,0.01,,3.0
gensim,congelada,0.1,3,10800,0.8833201166716974,0.8820871258987102,0.8822368421052632,,,46.0
gensim,fine-tuning,0.1,3,10800,0.9015771468159903,0.8958770932055273,0.895921052631579,0.001,,5.0
GloVe-100,congelada,0.1,3,10800,0.896805880879456,0.8887336545241016,0.8889473684210526,,,31.0
GloVe-100,fine-tuning,0.1,3,10800,0.9059824310719595,0.9005436495199699,0.9005263157894737,0.001,,6.0
TF-IDF + LogReg,C elegido,0.1,4,10800,0.8959169857920749,0.8900232295198611,0.8903947368421052,,10.0,
Aleatorio,entrenada,0.1,4,10800,0.8794937803906738,0.8781590150229629,0.8788157894736842,0.01,,3.0
gensim,congelada,0.1,4,10800,0.8793134563172182,0.8760336143768652,0.8761842105263158,,,23.0
gensim,fine-tuning,0.1,4,10800,0.8972932529384413,0.8923729446981142,0.8923684210526316,0.001,,6.0
GloVe-100,congelada,0.1,4,10800,0.8911137433276352,0.8844193603457332,0.8843421052631579,,,11.0
GloVe-100,fine-tuning,0.1,4,10800,0.903684978316057,0.9004401105295908,0.9005263157894737,0.001,,7.0
TF-IDF + LogReg,C elegido,0.25,0,27000,0.9073605831976256,0.9025225478393872,0.9027631578947368,,3.0,
Aleatorio,entrenada,0.25,0,27000,0.9035563525494332,0.892629961336304,0.8928947368421053,0.01,,2.0
gensim,congelada,0.25,0,27000,0.8879139301412904,0.8856329351539259,0.8855263157894737,,,30.0
gensim,fine-tuning,0.25,0,27000,0.9049979997282576,0.8995018762810606,0.8997368421052632,0.001,,3.0
GloVe-100,congelada,0.25,0,27000,0.9020789553761459,0.8921579456253582,0.8922368421052631,,,25.0
GloVe-100,fine-tuning,0.25,0,27000,0.9115015456403704,0.9062761831003788,0.9064473684210527,0.001,,5.0
TF-IDF + LogReg,C elegido,0.25,1,27000,0.9075019160986377,0.9071548238493008,0.9073684210526316,,10.0,
Aleatorio,entrenada,0.25,1,27000,0.9022201661170157,0.8972854873271029,0.8973684210526316,0.01,,2.0
gensim,congelada,0.25,1,27000,0.8850791254762128,0.8844436626307689,0.8843421052631579,,,23.0
gensim,fine-tuning,0.25,1,27000,0.9066641812922098,0.9025106928893557,0.9027631578947368,0.001,,4.0
GloVe-100,congelada,0.25,1,27000,0.9001411819088779,0.8935089859792846,0.8936842105263157,,,24.0
GloVe-100,fine-tuning,0.25,1,27000,0.9107122333808598,0.906936006756774,0.9071052631578947,0.001,,5.0
TF-IDF + LogReg,C elegido,0.25,2,27000,0.909472759726662,0.9030302818496168,0.9032894736842105,,3.0,
Aleatorio,entrenada,0.25,2,27000,0.8999649132766405,0.896336235559783,0.8963157894736842,0.01,,2.0
gensim,congelada,0.25,2,27000,0.8866993043979965,0.8865166136090358,0.886578947368421,,,26.0
gensim,fine-tuning,0.25,2,27000,0.907069750131108,0.898429208310775,0.8984210526315789,0.01,,1.0
GloVe-100,congelada,0.25,2,27000,0.9034981739932109,0.8933720637596904,0.8936842105263157,,,26.0
GloVe-100,fine-tuning,0.25,2,27000,0.9126376448770595,0.9069491818134718,0.9071052631578947,0.001,,5.0
TF-IDF + LogReg,C elegido,0.25,3,27000,0.9105407277571445,0.9083708322988975,0.9085526315789474,,30.0,
Aleatorio,entrenada,0.25,3,27000,0.9018632761006893,0.896632321009532,0.8967105263157895,0.01,,2.0
gensim,congelada,0.25,3,27000,0.8923264799175747,0.8901113033166868,0.8901315789473684,,,50.0
gensim,fine-tuning,0.25,3,27000,0.9080513113331453,0.901374806735453,0.901578947368421,0.001,,5.0
GloVe-100,congelada,0.25,3,27000,0.9011657361386742,0.8918580418062728,0.8921052631578947,,,21.0
GloVe-100,fine-tuning,0.25,3,27000,0.9134329437707778,0.9102446816053955,0.9102631578947369,0.001,,6.0
TF-IDF + LogReg,C elegido,0.25,4,27000,0.9108101673514838,0.9038288634837356,0.9040789473684211,,10.0,
Aleatorio,entrenada,0.25,4,27000,0.8977674483064322,0.8949627403864735,0.8951315789473684,0.01,,3.0
gensim,congelada,0.25,4,27000,0.8856364061175521,0.8843315425614474,0.8840789473684211,,,18.0
gensim,fine-tuning,0.25,4,27000,0.9058191878924038,0.9005280538323918,0.900921052631579,0.001,,4.0
GloVe-100,congelada,0.25,4,27000,0.905075694782338,0.8972901236527506,0.8975,,,37.0
GloVe-100,fine-tuning,0.25,4,27000,0.9102760316140688,0.9027159177454716,0.9030263157894737,0.001,,5.0
TF-IDF + LogReg,C elegido,0.5,0,54000,0.9181192085794025,0.9141731038067055,0.9143421052631578,,30.0,
Aleatorio,entrenada,0.5,0,54000,0.9100911425279771,0.9088168056565665,0.9088157894736842,0.01,,2.0
gensim,congelada,0.5,0,54000,0.8957219609232164,0.8945311533895522,0.8947368421052632,,,39.0
gensim,fine-tuning,0.5,0,54000,0.9121567581437227,0.9077188228205506,0.9078947368421053,0.01,,1.0
GloVe-100,congelada,0.5,0,54000,0.9066925096484295,0.8969071238378012,0.8971052631578947,,,19.0
GloVe-100,fine-tuning,0.5,0,54000,0.9168856934610679,0.9117991733949711,0.9121052631578948,0.001,,5.0
TF-IDF + LogReg,C elegido,0.5,1,54000,0.9178709817270171,0.9143305099021402,0.9144736842105263,,10.0,
Aleatorio,entrenada,0.5,1,54000,0.9119726726782226,0.9072479674110093,0.9075,0.01,,2.0
gensim,congelada,0.5,1,54000,0.8925158205393461,0.8921244035382434,0.8919736842105264,,,28.0
gensim,fine-tuning,0.5,1,54000,0.9163047138284957,0.9091932527840455,0.9093421052631578,0.01,,1.0
GloVe-100,congelada,0.5,1,54000,0.9095290048254425,0.9025720878408017,0.9025,,,32.0
GloVe-100,fine-tuning,0.5,1,54000,0.9177555559496672,0.914380283593774,0.9146052631578947,0.001,,4.0
TF-IDF + LogReg,C elegido,0.5,2,54000,0.916838462893977,0.912294759268798,0.9125,,3.0,
Aleatorio,entrenada,0.5,2,54000,0.9094988421197348,0.9014188864292483,0.901578947368421,0.01,,2.0
gensim,congelada,0.5,2,54000,0.890539710264939,0.888294269266664,0.8881578947368421,,,19.0
gensim,fine-tuning,0.5,2,54000,0.9129839453879978,0.9036272519143312,0.9036842105263158,0.01,,1.0
GloVe-100,congelada,0.5,2,54000,0.9108207344879877,0.9010581677148822,0.9011842105263158,,,31.0
GloVe-100,fine-tuning,0.5,2,54000,0.9176839668396597,0.9106149044762525,0.9106578947368421,0.001,,4.0
TF-IDF + LogReg,C elegido,0.5,3,54000,0.9201367618760419,0.917065506701946,0.9172368421052631,,30.0,
Aleatorio,entrenada,0.5,3,54000,0.9123222413318991,0.9093422659516502,0.9094736842105263,0.01,,2.0
gensim,congelada,0.5,3,54000,0.8947375008818742,0.8904265336903948,0.8905263157894737,,,23.0
gensim,fine-tuning,0.5,3,54000,0.9134605146030373,0.9103177127704973,0.9102631578947369,0.001,,4.0
GloVe-100,congelada,0.5,3,54000,0.909968945550123,0.9008942786965874,0.9010526315789473,,,29.0
GloVe-100,fine-tuning,0.5,3,54000,0.9184523455206942,0.9147583854499896,0.9147368421052632,0.001,,4.0
TF-IDF + LogReg,C elegido,0.5,4,54000,0.9203214720475985,0.9154432428182399,0.9156578947368421,,10.0,
Aleatorio,entrenada,0.5,4,54000,0.9123736837514451,0.907923381077602,0.9078947368421053,0.01,,2.0
gensim,congelada,0.5,4,54000,0.8926554821979427,0.892732208440078,0.8927631578947368,,,24.0
gensim,fine-tuning,0.5,4,54000,0.9126914912666497,0.9104964470973311,0.9107894736842105,0.001,,3.0
GloVe-100,congelada,0.5,4,54000,0.9081689149275702,0.9025828833436644,0.9027631578947368,,,31.0
GloVe-100,fine-tuning,0.5,4,54000,0.917533906286464,0.9146522571510155,0.9147368421052632,0.001,,4.0
TF-IDF + LogReg,C elegido,1.0,0,108000,0.9274200151725944,0.923259071137694,0.9234210526315789,,10.0,
Aleatorio,entrenada,1.0,0,108000,0.9227294630573736,0.9137761565991164,0.9139473684210526,0.01,,1.0
gensim,congelada,1.0,0,108000,0.8958156629924261,0.890603597573319,0.8902631578947369,,,18.0
gensim,fine-tuning,1.0,0,108000,0.9199869926665917,0.9141430473115251,0.9143421052631578,0.01,,1.0
GloVe-100,congelada,1.0,0,108000,0.9125689253061897,0.9068922203061888,0.9072368421052631,,,29.0
GloVe-100,fine-tuning,1.0,0,108000,0.9240189552410705,0.9194228467985466,0.9194736842105263,0.001,,4.0
Aleatorio,entrenada,1.0,1,108000,0.9200863448580215,0.9159340869279143,0.915921052631579,0.01,,2.0
gensim,congelada,1.0,1,108000,0.9014748808506391,0.8978906343667619,0.8978947368421053,,,40.0
gensim,fine-tuning,1.0,1,108000,0.9191111392140733,0.9153267595578982,0.9153947368421053,0.01,,1.0
GloVe-100,congelada,1.0,1,108000,0.9122944678641627,0.9054299962947082,0.9056578947368421,,,23.0
GloVe-100,fine-tuning,1.0,1,108000,0.9244747777207967,0.9190474504725719,0.9190789473684211,0.001,,4.0
Aleatorio,entrenada,1.0,2,108000,0.9220404048188215,0.9193675969192776,0.9193421052631578,0.01,,2.0
gensim,congelada,1.0,2,108000,0.8975661355112908,0.8944413823199504,0.8944736842105263,,,22.0
gensim,fine-tuning,1.0,2,108000,0.9191324207928526,0.9158820844219853,0.9157894736842105,0.01,,2.0
GloVe-100,congelada,1.0,2,108000,0.9119192216641736,0.9069224953599426,0.9069736842105263,,,24.0
GloVe-100,fine-tuning,1.0,2,108000,0.923773701699587,0.9188074618664526,0.9189473684210526,0.001,,5.0
Aleatorio,entrenada,1.0,3,108000,0.9219183432432851,0.9153717978419211,0.9155263157894736,0.01,,2.0
gensim,congelada,1.0,3,108000,0.8981493152552027,0.8970118657192918,0.8967105263157895,,,27.0
gensim,fine-tuning,1.0,3,108000,0.9205933548463634,0.9138315537508509,0.9140789473684211,0.01,,1.0
GloVe-100,congelada,1.0,3,108000,0.9130933457972532,0.9068408556798769,0.9069736842105263,,,29.0
GloVe-100,fine-tuning,1.0,3,108000,0.9253602435422222,0.9187339313149201,0.9189473684210526,0.01,,1.0
Aleatorio,entrenada,1.0,4,108000,0.9211668165289593,0.916826194042307,0.9168421052631579,0.01,,2.0
gensim,congelada,1.0,4,108000,0.897699829045863,0.8972113037566982,0.8973684210526316,,,28.0
gensim,fine-tuning,1.0,4,108000,0.9190136052837359,0.9138811384674941,0.9140789473684211,0.001,,4.0
GloVe-100,congelada,1.0,4,108000,0.913917350823134,0.906652594633288,0.9069736842105263,,,28.0
GloVe-100,fine-tuning,1.0,4,108000,0.9247049523078117,0.9200722716506747,0.9201315789473684,0.001,,5.0
